<?xml version="1.0" encoding="UTF-8"?>
<metadata xml:lang="en"><Esri><CreaDate>20140526</CreaDate><CreaTime>13423300</CreaTime><ArcGISFormat>1.0</ArcGISFormat><SyncOnce>TRUE</SyncOnce><DataProperties><lineage><Process Name="Add Geometry Attributes (2)" ToolSource="c:\program files\arcgis\desktop10.2\ArcToolbox\Toolboxes\Data Management Tools.tbx\AddGeometryAttributes" Date="20140523" Time="202347">AddGeometryAttributes "Tree Crowns" AREA;CENTROID_INSIDE;EXTENT METERS SQUARE_METERS PROJCS['WGS_1984_UTM_Zone_21S',GEOGCS['GCS_WGS_1984',DATUM['D_WGS_1984',SPHEROID['WGS_1984',6378137.0,298.257223563]],PRIMEM['Greenwich',0.0],UNIT['Degree',0.0174532925199433]],PROJECTION['Transverse_Mercator'],PARAMETER['false_easting',500000.0],PARAMETER['false_northing',10000000.0],PARAMETER['central_meridian',-57.0],PARAMETER['scale_factor',0.9996],PARAMETER['latitude_of_origin',0.0],UNIT['Meter',1.0]]</Process><Process Name="Near" ToolSource="c:\program files\arcgis\desktop10.2\ArcToolbox\Toolboxes\Analysis Tools.tbx\Near" Date="20140523" Time="211154">Near "Tree Crowns" 'Tree Crowns' # NO_LOCATION ANGLE PLANAR</Process><Process ToolSource="c:\program files\arcgis\desktop10.2\ArcToolbox\Toolboxes\Data Management Tools.tbx\CalculateField" Date="20140523" Time="224657">CalculateField "Tree Crowns" DIAMETER "math.pow(!POLY_AREA! /math.pi, .5) * 2" PYTHON_9.3 #</Process><Process ToolSource="c:\program files\arcgis\desktop10.2\ArcToolbox\Toolboxes\Data Management Tools.tbx\CalculateField" Date="20140523" Time="225200">CalculateField "Tree Crowns" Diameter "math.pow(!POLY_AREA! /math.pi, .5) * 2" PYTHON_9.3 #</Process><Process ToolSource="c:\program files\arcgis\desktop10.2\ArcToolbox\Toolboxes\Data Management Tools.tbx\CalculateField" Date="20140523" Time="225400">CalculateField "Tree Crowns" GapCrRatio "!NEAR_DIST! / !Diameter!" PYTHON_9.3 #</Process><Process ToolSource="c:\program files\arcgis\desktop10.2\ArcToolbox\Toolboxes\Data Management Tools.tbx\CalculateField" Date="20140523" Time="225540">CalculateField "Tree Crowns" GapCrRatio "!Diameter! / !NEAR_DIST!" PYTHON_9.3 #</Process><Process ToolSource="c:\program files\arcgis\desktop10.2\ArcToolbox\Toolboxes\Data Management Tools.tbx\CalculateField" Date="20140523" Time="225620">CalculateField "Tree Crowns" GapCrRatio "!NEAR_DIST! / !Diameter!" PYTHON_9.3 #</Process><Process ToolSource="c:\program files (x86)\arcgis\desktop10.2\ArcToolbox\Toolboxes\Data Management Tools.tbx\AddGeometryAttributes" Date="20140525" Time="193830">AddGeometryAttributes treeply.shp AREA;CENTROID_INSIDE;EXTENT METERS SQUARE_METERS PROJCS['WGS_1984_UTM_Zone_21S',GEOGCS['GCS_WGS_1984',DATUM['D_WGS_1984',SPHEROID['WGS_1984',6378137.0,298.257223563]],PRIMEM['Greenwich',0.0],UNIT['Degree',0.0174532925199433]],PROJECTION['Transverse_Mercator'],PARAMETER['false_easting',500000.0],PARAMETER['false_northing',10000000.0],PARAMETER['central_meridian',-57.0],PARAMETER['scale_factor',0.9996],PARAMETER['latitude_of_origin',0.0],UNIT['Meter',1.0]]</Process><Process ToolSource="c:\program files (x86)\arcgis\desktop10.2\ArcToolbox\Toolboxes\Analysis Tools.tbx\Near" Date="20140525" Time="193830">Near treeply.shp treeply.shp # NO_LOCATION ANGLE PLANAR</Process><Process ToolSource="c:\program files (x86)\arcgis\desktop10.2\ArcToolbox\Toolboxes\Data Management Tools.tbx\AddField" Date="20140525" Time="193831">AddField treeply.shp DIAMETER DOUBLE # # # # NULLABLE NON_REQUIRED #</Process><Process ToolSource="c:\program files (x86)\arcgis\desktop10.2\ArcToolbox\Toolboxes\Data Management Tools.tbx\CalculateField" Date="20140525" Time="193831">CalculateField treeply.shp Diameter "math.pow(!POLY_AREA! /math.pi, .5) * 2" PYTHON #</Process><Process ToolSource="c:\program files (x86)\arcgis\desktop10.2\ArcToolbox\Toolboxes\Data Management Tools.tbx\AddGeometryAttributes" Date="20140525" Time="193904">AddGeometryAttributes treeply.shp AREA;CENTROID_INSIDE;EXTENT METERS SQUARE_METERS PROJCS['WGS_1984_UTM_Zone_21S',GEOGCS['GCS_WGS_1984',DATUM['D_WGS_1984',SPHEROID['WGS_1984',6378137.0,298.257223563]],PRIMEM['Greenwich',0.0],UNIT['Degree',0.0174532925199433]],PROJECTION['Transverse_Mercator'],PARAMETER['false_easting',500000.0],PARAMETER['false_northing',10000000.0],PARAMETER['central_meridian',-57.0],PARAMETER['scale_factor',0.9996],PARAMETER['latitude_of_origin',0.0],UNIT['Meter',1.0]]</Process><Process ToolSource="c:\program files (x86)\arcgis\desktop10.2\ArcToolbox\Toolboxes\Analysis Tools.tbx\Near" Date="20140525" Time="193904">Near treeply.shp treeply.shp # NO_LOCATION ANGLE PLANAR</Process><Process ToolSource="c:\program files (x86)\arcgis\desktop10.2\ArcToolbox\Toolboxes\Data Management Tools.tbx\AddField" Date="20140525" Time="193904">AddField treeply.shp DIAMETER DOUBLE # # # # NULLABLE NON_REQUIRED #</Process><Process ToolSource="c:\program files (x86)\arcgis\desktop10.2\ArcToolbox\Toolboxes\Data Management Tools.tbx\CalculateField" Date="20140525" Time="193904">CalculateField treeply.shp Diameter "math.pow(!POLY_AREA! /math.pi, .5) * 2" PYTHON #</Process><Process ToolSource="c:\program files (x86)\arcgis\desktop10.2\ArcToolbox\Toolboxes\Data Management Tools.tbx\AddField" Date="20140525" Time="193905">AddField treeply.shp GapCrnRati DOUBLE # # # # NULLABLE NON_REQUIRED #</Process><Process ToolSource="c:\program files (x86)\arcgis\desktop10.2\ArcToolbox\Toolboxes\Data Management Tools.tbx\CalculateField" Date="20140525" Time="193905">CalculateField treeply.shp GapCrnRati "!NEAR_DIST! / !Diameter!" PYTHON #</Process><Process ToolSource="c:\program files (x86)\arcgis\desktop10.2\ArcToolbox\Toolboxes\Data Management Tools.tbx\AddGeometryAttributes" Date="20140525" Time="194812">AddGeometryAttributes treeply.shp AREA;CENTROID_INSIDE METERS SQUARE_METERS PROJCS['WGS_1984_UTM_Zone_21S',GEOGCS['GCS_WGS_1984',DATUM['D_WGS_1984',SPHEROID['WGS_1984',6378137.0,298.257223563]],PRIMEM['Greenwich',0.0],UNIT['Degree',0.0174532925199433]],PROJECTION['Transverse_Mercator'],PARAMETER['false_easting',500000.0],PARAMETER['false_northing',10000000.0],PARAMETER['central_meridian',-57.0],PARAMETER['scale_factor',0.9996],PARAMETER['latitude_of_origin',0.0],UNIT['Meter',1.0]]</Process><Process ToolSource="c:\program files (x86)\arcgis\desktop10.2\ArcToolbox\Toolboxes\Analysis Tools.tbx\Near" Date="20140525" Time="194812">Near treeply.shp treeply.shp # NO_LOCATION ANGLE PLANAR</Process><Process ToolSource="c:\program files (x86)\arcgis\desktop10.2\ArcToolbox\Toolboxes\Data Management Tools.tbx\AddField" Date="20140525" Time="194813">AddField treeply.shp DIAMETER DOUBLE # # # # NULLABLE NON_REQUIRED #</Process><Process ToolSource="c:\program files (x86)\arcgis\desktop10.2\ArcToolbox\Toolboxes\Data Management Tools.tbx\CalculateField" Date="20140525" Time="194813">CalculateField treeply.shp DIAMETER "math.pow(!POLY_AREA! /math.pi, .5) * 2" PYTHON #</Process><Process ToolSource="c:\program files (x86)\arcgis\desktop10.2\ArcToolbox\Toolboxes\Data Management Tools.tbx\AddField" Date="20140525" Time="194813">AddField treeply.shp GapCrnRati DOUBLE # # # # NULLABLE NON_REQUIRED #</Process><Process ToolSource="c:\program files (x86)\arcgis\desktop10.2\ArcToolbox\Toolboxes\Data Management Tools.tbx\CalculateField" Date="20140525" Time="194814">CalculateField treeply.shp GapCrnRati "!NEAR_DIST! / !Diameter!" PYTHON #</Process><Process ToolSource="c:\program files (x86)\arcgis\desktop10.2\ArcToolbox\Toolboxes\Data Management Tools.tbx\AddGeometryAttributes" Date="20140525" Time="194904">AddGeometryAttributes treeply.shp AREA;CENTROID_INSIDE METERS SQUARE_METERS PROJCS['WGS_1984_UTM_Zone_21S',GEOGCS['GCS_WGS_1984',DATUM['D_WGS_1984',SPHEROID['WGS_1984',6378137.0,298.257223563]],PRIMEM['Greenwich',0.0],UNIT['Degree',0.0174532925199433]],PROJECTION['Transverse_Mercator'],PARAMETER['false_easting',500000.0],PARAMETER['false_northing',10000000.0],PARAMETER['central_meridian',-57.0],PARAMETER['scale_factor',0.9996],PARAMETER['latitude_of_origin',0.0],UNIT['Meter',1.0]]</Process><Process ToolSource="c:\program files (x86)\arcgis\desktop10.2\ArcToolbox\Toolboxes\Analysis Tools.tbx\Near" Date="20140525" Time="194904">Near treeply.shp treeply.shp # NO_LOCATION ANGLE PLANAR</Process><Process ToolSource="c:\program files (x86)\arcgis\desktop10.2\ArcToolbox\Toolboxes\Data Management Tools.tbx\AddField" Date="20140525" Time="194905">AddField treeply.shp DIAMETER DOUBLE # # # # NULLABLE NON_REQUIRED #</Process><Process ToolSource="c:\program files (x86)\arcgis\desktop10.2\ArcToolbox\Toolboxes\Data Management Tools.tbx\CalculateField" Date="20140525" Time="194905">CalculateField treeply.shp DIAMETER "math.pow(!POLY_AREA! /math.pi, .5) * 2" PYTHON #</Process><Process ToolSource="c:\program files (x86)\arcgis\desktop10.2\ArcToolbox\Toolboxes\Data Management Tools.tbx\AddField" Date="20140525" Time="194905">AddField treeply.shp GapCrRatio DOUBLE # # # # NULLABLE NON_REQUIRED #</Process><Process ToolSource="c:\program files (x86)\arcgis\desktop10.2\ArcToolbox\Toolboxes\Data Management Tools.tbx\CalculateField" Date="20140525" Time="194905">CalculateField treeply.shp GapCrRatio "!NEAR_DIST! / !Diameter!" PYTHON #</Process><Process ToolSource="c:\program files (x86)\arcgis\desktop10.2\ArcToolbox\Toolboxes\Data Management Tools.tbx\AddGeometryAttributes" Date="20140525" Time="195052">AddGeometryAttributes treeply.shp AREA;CENTROID_INSIDE METERS SQUARE_METERS PROJCS['WGS_1984_UTM_Zone_21S',GEOGCS['GCS_WGS_1984',DATUM['D_WGS_1984',SPHEROID['WGS_1984',6378137.0,298.257223563]],PRIMEM['Greenwich',0.0],UNIT['Degree',0.0174532925199433]],PROJECTION['Transverse_Mercator'],PARAMETER['false_easting',500000.0],PARAMETER['false_northing',10000000.0],PARAMETER['central_meridian',-57.0],PARAMETER['scale_factor',0.9996],PARAMETER['latitude_of_origin',0.0],UNIT['Meter',1.0]]</Process><Process ToolSource="c:\program files (x86)\arcgis\desktop10.2\ArcToolbox\Toolboxes\Analysis Tools.tbx\Near" Date="20140525" Time="195053">Near treeply.shp treeply.shp # NO_LOCATION ANGLE PLANAR</Process><Process ToolSource="c:\program files (x86)\arcgis\desktop10.2\ArcToolbox\Toolboxes\Data Management Tools.tbx\AddField" Date="20140525" Time="195053">AddField treeply.shp DIAMETER DOUBLE # # # # NULLABLE NON_REQUIRED #</Process><Process ToolSource="c:\program files (x86)\arcgis\desktop10.2\ArcToolbox\Toolboxes\Data Management Tools.tbx\CalculateField" Date="20140525" Time="195053">CalculateField treeply.shp DIAMETER "math.pow(!POLY_AREA! /math.pi, .5) * 2" PYTHON #</Process><Process ToolSource="c:\program files (x86)\arcgis\desktop10.2\ArcToolbox\Toolboxes\Data Management Tools.tbx\AddField" Date="20140525" Time="195053">AddField treeply.shp GapCrRatio DOUBLE # # # # NULLABLE NON_REQUIRED #</Process><Process ToolSource="c:\program files (x86)\arcgis\desktop10.2\ArcToolbox\Toolboxes\Data Management Tools.tbx\CalculateField" Date="20140525" Time="195053">CalculateField treeply.shp GapCrRatio "!NEAR_DIST! / !Diameter!" PYTHON #</Process><Process ToolSource="c:\program files (x86)\arcgis\desktop10.2\ArcToolbox\Toolboxes\Data Management Tools.tbx\AddGeometryAttributes" Date="20140525" Time="195546">AddGeometryAttributes treeply.shp AREA;CENTROID_INSIDE METERS SQUARE_METERS PROJCS['WGS_1984_UTM_Zone_21S',GEOGCS['GCS_WGS_1984',DATUM['D_WGS_1984',SPHEROID['WGS_1984',6378137.0,298.257223563]],PRIMEM['Greenwich',0.0],UNIT['Degree',0.0174532925199433]],PROJECTION['Transverse_Mercator'],PARAMETER['false_easting',500000.0],PARAMETER['false_northing',10000000.0],PARAMETER['central_meridian',-57.0],PARAMETER['scale_factor',0.9996],PARAMETER['latitude_of_origin',0.0],UNIT['Meter',1.0]]</Process><Process ToolSource="c:\program files (x86)\arcgis\desktop10.2\ArcToolbox\Toolboxes\Analysis Tools.tbx\Near" Date="20140525" Time="195546">Near treeply.shp treeply.shp # NO_LOCATION ANGLE PLANAR</Process><Process ToolSource="c:\program files (x86)\arcgis\desktop10.2\ArcToolbox\Toolboxes\Data Management Tools.tbx\AddField" Date="20140525" Time="195546">AddField treeply.shp DIAMETER DOUBLE # # # # NULLABLE NON_REQUIRED #</Process><Process ToolSource="c:\program files (x86)\arcgis\desktop10.2\ArcToolbox\Toolboxes\Data Management Tools.tbx\CalculateField" Date="20140525" Time="195547">CalculateField treeply.shp DIAMETER "math.pow(!POLY_AREA! /math.pi, .5) * 2" PYTHON #</Process><Process ToolSource="c:\program files (x86)\arcgis\desktop10.2\ArcToolbox\Toolboxes\Data Management Tools.tbx\AddField" Date="20140525" Time="195547">AddField treeply.shp GapCrRatio DOUBLE # # # # NULLABLE NON_REQUIRED #</Process><Process ToolSource="c:\program files (x86)\arcgis\desktop10.2\ArcToolbox\Toolboxes\Data Management Tools.tbx\CalculateField" Date="20140525" Time="195547">CalculateField treeply.shp GapCrRatio "!NEAR_DIST! / !Diameter!" PYTHON #</Process><Process ToolSource="c:\program files (x86)\arcgis\desktop10.2\ArcToolbox\Toolboxes\Data Management Tools.tbx\AddGeometryAttributes" Date="20140525" Time="195951">AddGeometryAttributes treeply.shp AREA;CENTROID_INSIDE METERS SQUARE_METERS PROJCS['WGS_1984_UTM_Zone_21S',GEOGCS['GCS_WGS_1984',DATUM['D_WGS_1984',SPHEROID['WGS_1984',6378137.0,298.257223563]],PRIMEM['Greenwich',0.0],UNIT['Degree',0.0174532925199433]],PROJECTION['Transverse_Mercator'],PARAMETER['false_easting',500000.0],PARAMETER['false_northing',10000000.0],PARAMETER['central_meridian',-57.0],PARAMETER['scale_factor',0.9996],PARAMETER['latitude_of_origin',0.0],UNIT['Meter',1.0]]</Process><Process ToolSource="c:\program files (x86)\arcgis\desktop10.2\ArcToolbox\Toolboxes\Analysis Tools.tbx\Near" Date="20140525" Time="195951">Near treeply.shp treeply.shp # NO_LOCATION ANGLE PLANAR</Process><Process ToolSource="c:\program files (x86)\arcgis\desktop10.2\ArcToolbox\Toolboxes\Data Management Tools.tbx\AddField" Date="20140525" Time="195952">AddField treeply.shp DIAMETER DOUBLE # # # # NULLABLE NON_REQUIRED #</Process><Process ToolSource="c:\program files (x86)\arcgis\desktop10.2\ArcToolbox\Toolboxes\Data Management Tools.tbx\CalculateField" Date="20140525" Time="195952">CalculateField treeply.shp DIAMETER "math.pow(!POLY_AREA! /math.pi, .5) * 2" PYTHON #</Process><Process ToolSource="c:\program files (x86)\arcgis\desktop10.2\ArcToolbox\Toolboxes\Data Management Tools.tbx\AddField" Date="20140525" Time="195952">AddField treeply.shp GapCrRatio DOUBLE # # # # NULLABLE NON_REQUIRED #</Process><Process ToolSource="c:\program files (x86)\arcgis\desktop10.2\ArcToolbox\Toolboxes\Data Management Tools.tbx\CalculateField" Date="20140525" Time="195953">CalculateField treeply.shp GapCrRatio "!NEAR_DIST! / !Diameter!" PYTHON #</Process><Process ToolSource="c:\program files (x86)\arcgis\desktop10.2\ArcToolbox\Toolboxes\Data Management Tools.tbx\AddGeometryAttributes" Date="20140525" Time="200139">AddGeometryAttributes treeply.shp AREA;CENTROID_INSIDE METERS SQUARE_METERS PROJCS['WGS_1984_UTM_Zone_21S',GEOGCS['GCS_WGS_1984',DATUM['D_WGS_1984',SPHEROID['WGS_1984',6378137.0,298.257223563]],PRIMEM['Greenwich',0.0],UNIT['Degree',0.0174532925199433]],PROJECTION['Transverse_Mercator'],PARAMETER['false_easting',500000.0],PARAMETER['false_northing',10000000.0],PARAMETER['central_meridian',-57.0],PARAMETER['scale_factor',0.9996],PARAMETER['latitude_of_origin',0.0],UNIT['Meter',1.0]]</Process><Process ToolSource="c:\program files (x86)\arcgis\desktop10.2\ArcToolbox\Toolboxes\Analysis Tools.tbx\Near" Date="20140525" Time="200140">Near treeply.shp treeply.shp # NO_LOCATION ANGLE PLANAR</Process><Process ToolSource="c:\program files (x86)\arcgis\desktop10.2\ArcToolbox\Toolboxes\Data Management Tools.tbx\AddField" Date="20140525" Time="200140">AddField treeply.shp DIAMETER DOUBLE # # # # NULLABLE NON_REQUIRED #</Process><Process ToolSource="c:\program files (x86)\arcgis\desktop10.2\ArcToolbox\Toolboxes\Data Management Tools.tbx\CalculateField" Date="20140525" Time="200141">CalculateField treeply.shp DIAMETER "math.pow(!POLY_AREA! /math.pi, .5) * 2" PYTHON #</Process><Process ToolSource="c:\program files (x86)\arcgis\desktop10.2\ArcToolbox\Toolboxes\Data Management Tools.tbx\AddField" Date="20140525" Time="200141">AddField treeply.shp GapCrRatio DOUBLE # # # # NULLABLE NON_REQUIRED #</Process><Process ToolSource="c:\program files (x86)\arcgis\desktop10.2\ArcToolbox\Toolboxes\Data Management Tools.tbx\CalculateField" Date="20140525" Time="200141">CalculateField treeply.shp GapCrRatio "!NEAR_DIST! / !Diameter!" PYTHON #</Process><Process ToolSource="c:\program files (x86)\arcgis\desktop10.2\ArcToolbox\Toolboxes\Data Management Tools.tbx\AddGeometryAttributes" Date="20140525" Time="200633">AddGeometryAttributes treeply.shp AREA;CENTROID_INSIDE METERS SQUARE_METERS PROJCS['WGS_1984_UTM_Zone_21S',GEOGCS['GCS_WGS_1984',DATUM['D_WGS_1984',SPHEROID['WGS_1984',6378137.0,298.257223563]],PRIMEM['Greenwich',0.0],UNIT['Degree',0.0174532925199433]],PROJECTION['Transverse_Mercator'],PARAMETER['false_easting',500000.0],PARAMETER['false_northing',10000000.0],PARAMETER['central_meridian',-57.0],PARAMETER['scale_factor',0.9996],PARAMETER['latitude_of_origin',0.0],UNIT['Meter',1.0]]</Process><Process ToolSource="c:\program files (x86)\arcgis\desktop10.2\ArcToolbox\Toolboxes\Analysis Tools.tbx\Near" Date="20140525" Time="200634">Near treeply.shp treeply.shp # NO_LOCATION ANGLE PLANAR</Process><Process ToolSource="c:\program files (x86)\arcgis\desktop10.2\ArcToolbox\Toolboxes\Data Management Tools.tbx\AddField" Date="20140525" Time="200634">AddField treeply.shp DIAMETER DOUBLE # # # # NULLABLE NON_REQUIRED #</Process><Process ToolSource="c:\program files (x86)\arcgis\desktop10.2\ArcToolbox\Toolboxes\Data Management Tools.tbx\CalculateField" Date="20140525" Time="200634">CalculateField treeply.shp DIAMETER "math.pow(!POLY_AREA! /math.pi, .5) * 2" PYTHON #</Process><Process ToolSource="c:\program files (x86)\arcgis\desktop10.2\ArcToolbox\Toolboxes\Data Management Tools.tbx\AddField" Date="20140525" Time="200635">AddField treeply.shp GapCrRatio DOUBLE # # # # NULLABLE NON_REQUIRED #</Process><Process ToolSource="c:\program files (x86)\arcgis\desktop10.2\ArcToolbox\Toolboxes\Data Management Tools.tbx\CalculateField" Date="20140525" Time="200635">CalculateField treeply.shp GapCrRatio "!NEAR_DIST! / !Diameter!" PYTHON #</Process><Process ToolSource="c:\program files (x86)\arcgis\desktop10.2\ArcToolbox\Toolboxes\Data Management Tools.tbx\AddGeometryAttributes" Date="20140525" Time="201155">AddGeometryAttributes treeply.shp AREA;CENTROID_INSIDE METERS SQUARE_METERS PROJCS['WGS_1984_UTM_Zone_21S',GEOGCS['GCS_WGS_1984',DATUM['D_WGS_1984',SPHEROID['WGS_1984',6378137.0,298.257223563]],PRIMEM['Greenwich',0.0],UNIT['Degree',0.0174532925199433]],PROJECTION['Transverse_Mercator'],PARAMETER['false_easting',500000.0],PARAMETER['false_northing',10000000.0],PARAMETER['central_meridian',-57.0],PARAMETER['scale_factor',0.9996],PARAMETER['latitude_of_origin',0.0],UNIT['Meter',1.0]]</Process><Process ToolSource="c:\program files (x86)\arcgis\desktop10.2\ArcToolbox\Toolboxes\Analysis Tools.tbx\Near" Date="20140525" Time="201155">Near treeply.shp treeply.shp # NO_LOCATION ANGLE PLANAR</Process><Process ToolSource="c:\program files (x86)\arcgis\desktop10.2\ArcToolbox\Toolboxes\Data Management Tools.tbx\AddField" Date="20140525" Time="201155">AddField treeply.shp DIAMETER DOUBLE # # # # NULLABLE NON_REQUIRED #</Process><Process ToolSource="c:\program files (x86)\arcgis\desktop10.2\ArcToolbox\Toolboxes\Data Management Tools.tbx\CalculateField" Date="20140525" Time="201156">CalculateField treeply.shp DIAMETER "math.pow(!POLY_AREA! /math.pi, .5) * 2" PYTHON #</Process><Process ToolSource="c:\program files (x86)\arcgis\desktop10.2\ArcToolbox\Toolboxes\Data Management Tools.tbx\AddField" Date="20140525" Time="201156">AddField treeply.shp GapCrRatio DOUBLE # # # # NULLABLE NON_REQUIRED #</Process><Process ToolSource="c:\program files (x86)\arcgis\desktop10.2\ArcToolbox\Toolboxes\Data Management Tools.tbx\CalculateField" Date="20140525" Time="201156">CalculateField treeply.shp GapCrRatio "!NEAR_DIST! / !Diameter!" PYTHON #</Process><Process ToolSource="c:\program files (x86)\arcgis\desktop10.2\ArcToolbox\Toolboxes\Data Management Tools.tbx\AddGeometryAttributes" Date="20140525" Time="203922">AddGeometryAttributes treeply.shp AREA;CENTROID_INSIDE METERS SQUARE_METERS PROJCS['WGS_1984_UTM_Zone_21S',GEOGCS['GCS_WGS_1984',DATUM['D_WGS_1984',SPHEROID['WGS_1984',6378137.0,298.257223563]],PRIMEM['Greenwich',0.0],UNIT['Degree',0.0174532925199433]],PROJECTION['Transverse_Mercator'],PARAMETER['false_easting',500000.0],PARAMETER['false_northing',10000000.0],PARAMETER['central_meridian',-57.0],PARAMETER['scale_factor',0.9996],PARAMETER['latitude_of_origin',0.0],UNIT['Meter',1.0]]</Process><Process ToolSource="c:\program files (x86)\arcgis\desktop10.2\ArcToolbox\Toolboxes\Data Management Tools.tbx\AddGeometryAttributes" Date="20140525" Time="203951">AddGeometryAttributes treeply.shp AREA;CENTROID_INSIDE METERS SQUARE_METERS PROJCS['WGS_1984_UTM_Zone_21S',GEOGCS['GCS_WGS_1984',DATUM['D_WGS_1984',SPHEROID['WGS_1984',6378137.0,298.257223563]],PRIMEM['Greenwich',0.0],UNIT['Degree',0.0174532925199433]],PROJECTION['Transverse_Mercator'],PARAMETER['false_easting',500000.0],PARAMETER['false_northing',10000000.0],PARAMETER['central_meridian',-57.0],PARAMETER['scale_factor',0.9996],PARAMETER['latitude_of_origin',0.0],UNIT['Meter',1.0]]</Process><Process ToolSource="c:\program files (x86)\arcgis\desktop10.2\ArcToolbox\Toolboxes\Analysis Tools.tbx\Near" Date="20140525" Time="203952">Near treeply.shp treeply.shp # NO_LOCATION NO_ANGLE PLANAR</Process><Process ToolSource="c:\program files (x86)\arcgis\desktop10.2\ArcToolbox\Toolboxes\Data Management Tools.tbx\AddField" Date="20140525" Time="203952">AddField treeply.shp DIAMETER DOUBLE # # # # NULLABLE NON_REQUIRED #</Process><Process ToolSource="c:\program files (x86)\arcgis\desktop10.2\ArcToolbox\Toolboxes\Data Management Tools.tbx\CalculateField" Date="20140525" Time="203952">CalculateField treeply.shp DIAMETER "math.pow(!POLY_AREA! /math.pi, .5) * 2" PYTHON #</Process><Process ToolSource="c:\program files (x86)\arcgis\desktop10.2\ArcToolbox\Toolboxes\Data Management Tools.tbx\AddField" Date="20140525" Time="203953">AddField treeply.shp GapCrRatio DOUBLE # # # # NULLABLE NON_REQUIRED #</Process><Process ToolSource="c:\program files (x86)\arcgis\desktop10.2\ArcToolbox\Toolboxes\Data Management Tools.tbx\CalculateField" Date="20140525" Time="203953">CalculateField treeply.shp GapCrRatio "!NEAR_DIST! / !Diameter!" PYTHON #</Process><Process ToolSource="c:\program files (x86)\arcgis\desktop10.2\ArcToolbox\Toolboxes\Data Management Tools.tbx\AddGeometryAttributes" Date="20140525" Time="204315">AddGeometryAttributes treeply.shp AREA;CENTROID_INSIDE METERS SQUARE_METERS PROJCS['WGS_1984_UTM_Zone_21S',GEOGCS['GCS_WGS_1984',DATUM['D_WGS_1984',SPHEROID['WGS_1984',6378137.0,298.257223563]],PRIMEM['Greenwich',0.0],UNIT['Degree',0.0174532925199433]],PROJECTION['Transverse_Mercator'],PARAMETER['false_easting',500000.0],PARAMETER['false_northing',10000000.0],PARAMETER['central_meridian',-57.0],PARAMETER['scale_factor',0.9996],PARAMETER['latitude_of_origin',0.0],UNIT['Meter',1.0]]</Process><Process ToolSource="c:\program files (x86)\arcgis\desktop10.2\ArcToolbox\Toolboxes\Analysis Tools.tbx\Near" Date="20140525" Time="204315">Near treeply.shp treeply.shp # NO_LOCATION NO_ANGLE PLANAR</Process><Process ToolSource="c:\program files (x86)\arcgis\desktop10.2\ArcToolbox\Toolboxes\Data Management Tools.tbx\AddField" Date="20140525" Time="204316">AddField treeply.shp DIAMETER DOUBLE # # # # NULLABLE NON_REQUIRED #</Process><Process ToolSource="c:\program files (x86)\arcgis\desktop10.2\ArcToolbox\Toolboxes\Data Management Tools.tbx\CalculateField" Date="20140525" Time="204316">CalculateField treeply.shp DIAMETER "math.pow(!POLY_AREA! /math.pi, .5) * 2" PYTHON #</Process><Process ToolSource="c:\program files (x86)\arcgis\desktop10.2\ArcToolbox\Toolboxes\Data Management Tools.tbx\AddField" Date="20140525" Time="204316">AddField treeply.shp GapCrRatio DOUBLE # # # # NULLABLE NON_REQUIRED #</Process><Process ToolSource="c:\program files (x86)\arcgis\desktop10.2\ArcToolbox\Toolboxes\Data Management Tools.tbx\CalculateField" Date="20140525" Time="204317">CalculateField treeply.shp GapCrRatio "!NEAR_DIST! / !Diameter!" PYTHON #</Process><Process ToolSource="c:\program files (x86)\arcgis\desktop10.2\ArcToolbox\Toolboxes\Data Management Tools.tbx\AddGeometryAttributes" Date="20140525" Time="204510">AddGeometryAttributes treeply.shp AREA;CENTROID_INSIDE METERS SQUARE_METERS PROJCS['WGS_1984_UTM_Zone_21S',GEOGCS['GCS_WGS_1984',DATUM['D_WGS_1984',SPHEROID['WGS_1984',6378137.0,298.257223563]],PRIMEM['Greenwich',0.0],UNIT['Degree',0.0174532925199433]],PROJECTION['Transverse_Mercator'],PARAMETER['false_easting',500000.0],PARAMETER['false_northing',10000000.0],PARAMETER['central_meridian',-57.0],PARAMETER['scale_factor',0.9996],PARAMETER['latitude_of_origin',0.0],UNIT['Meter',1.0]]</Process><Process ToolSource="c:\program files (x86)\arcgis\desktop10.2\ArcToolbox\Toolboxes\Analysis Tools.tbx\Near" Date="20140525" Time="204511">Near treeply.shp treeply.shp # NO_LOCATION NO_ANGLE PLANAR</Process><Process ToolSource="c:\program files (x86)\arcgis\desktop10.2\ArcToolbox\Toolboxes\Data Management Tools.tbx\AddField" Date="20140525" Time="204511">AddField treeply.shp DIAMETER DOUBLE # # # # NULLABLE NON_REQUIRED #</Process><Process ToolSource="c:\program files (x86)\arcgis\desktop10.2\ArcToolbox\Toolboxes\Data Management Tools.tbx\CalculateField" Date="20140525" Time="204512">CalculateField treeply.shp DIAMETER "math.pow(!POLY_AREA! /math.pi, .5) * 2" PYTHON #</Process><Process ToolSource="c:\program files (x86)\arcgis\desktop10.2\ArcToolbox\Toolboxes\Data Management Tools.tbx\AddField" Date="20140525" Time="204512">AddField treeply.shp GapCrRatio DOUBLE # # # # NULLABLE NON_REQUIRED #</Process><Process ToolSource="c:\program files (x86)\arcgis\desktop10.2\ArcToolbox\Toolboxes\Data Management Tools.tbx\CalculateField" Date="20140525" Time="204512">CalculateField treeply.shp GapCrRatio "!NEAR_DIST! / !Diameter!" PYTHON #</Process><Process ToolSource="c:\program files (x86)\arcgis\desktop10.2\ArcToolbox\Toolboxes\Data Management Tools.tbx\AddGeometryAttributes" Date="20140525" Time="205455">AddGeometryAttributes treeply.shp AREA;CENTROID_INSIDE METERS SQUARE_METERS PROJCS['WGS_1984_UTM_Zone_21S',GEOGCS['GCS_WGS_1984',DATUM['D_WGS_1984',SPHEROID['WGS_1984',6378137.0,298.257223563]],PRIMEM['Greenwich',0.0],UNIT['Degree',0.0174532925199433]],PROJECTION['Transverse_Mercator'],PARAMETER['false_easting',500000.0],PARAMETER['false_northing',10000000.0],PARAMETER['central_meridian',-57.0],PARAMETER['scale_factor',0.9996],PARAMETER['latitude_of_origin',0.0],UNIT['Meter',1.0]]</Process><Process ToolSource="c:\program files (x86)\arcgis\desktop10.2\ArcToolbox\Toolboxes\Analysis Tools.tbx\Near" Date="20140525" Time="205456">Near treeply.shp treeply.shp # NO_LOCATION NO_ANGLE PLANAR</Process><Process ToolSource="c:\program files (x86)\arcgis\desktop10.2\ArcToolbox\Toolboxes\Data Management Tools.tbx\AddField" Date="20140525" Time="205456">AddField treeply.shp DIAMETER DOUBLE # # # # NULLABLE NON_REQUIRED #</Process><Process ToolSource="c:\program files (x86)\arcgis\desktop10.2\ArcToolbox\Toolboxes\Data Management Tools.tbx\CalculateField" Date="20140525" Time="205456">CalculateField treeply.shp DIAMETER "math.pow(!POLY_AREA! /math.pi, .5) * 2" PYTHON #</Process><Process ToolSource="c:\program files (x86)\arcgis\desktop10.2\ArcToolbox\Toolboxes\Data Management Tools.tbx\AddField" Date="20140525" Time="205457">AddField treeply.shp GapCrRatio DOUBLE # # # # NULLABLE NON_REQUIRED #</Process><Process ToolSource="c:\program files (x86)\arcgis\desktop10.2\ArcToolbox\Toolboxes\Data Management Tools.tbx\CalculateField" Date="20140525" Time="205457">CalculateField treeply.shp GapCrRatio "!NEAR_DIST! / !Diameter!" PYTHON #</Process><Process ToolSource="c:\program files (x86)\arcgis\desktop10.2\ArcToolbox\Toolboxes\Data Management Tools.tbx\AddGeometryAttributes" Date="20140525" Time="210254">AddGeometryAttributes treeply.shp AREA;CENTROID_INSIDE METERS SQUARE_METERS PROJCS['WGS_1984_UTM_Zone_21S',GEOGCS['GCS_WGS_1984',DATUM['D_WGS_1984',SPHEROID['WGS_1984',6378137.0,298.257223563]],PRIMEM['Greenwich',0.0],UNIT['Degree',0.0174532925199433]],PROJECTION['Transverse_Mercator'],PARAMETER['false_easting',500000.0],PARAMETER['false_northing',10000000.0],PARAMETER['central_meridian',-57.0],PARAMETER['scale_factor',0.9996],PARAMETER['latitude_of_origin',0.0],UNIT['Meter',1.0]]</Process><Process ToolSource="c:\program files (x86)\arcgis\desktop10.2\ArcToolbox\Toolboxes\Analysis Tools.tbx\Near" Date="20140525" Time="210255">Near treeply.shp treeply.shp # NO_LOCATION NO_ANGLE PLANAR</Process><Process ToolSource="c:\program files (x86)\arcgis\desktop10.2\ArcToolbox\Toolboxes\Data Management Tools.tbx\AddField" Date="20140525" Time="210255">AddField treeply.shp DIAMETER DOUBLE # # # # NULLABLE NON_REQUIRED #</Process><Process ToolSource="c:\program files (x86)\arcgis\desktop10.2\ArcToolbox\Toolboxes\Data Management Tools.tbx\CalculateField" Date="20140525" Time="210255">CalculateField treeply.shp DIAMETER "math.pow(!POLY_AREA! /math.pi, .5) * 2" PYTHON #</Process><Process ToolSource="c:\program files (x86)\arcgis\desktop10.2\ArcToolbox\Toolboxes\Data Management Tools.tbx\AddField" Date="20140525" Time="210255">AddField treeply.shp GapCrRatio DOUBLE # # # # NULLABLE NON_REQUIRED #</Process><Process ToolSource="c:\program files (x86)\arcgis\desktop10.2\ArcToolbox\Toolboxes\Data Management Tools.tbx\CalculateField" Date="20140525" Time="210256">CalculateField treeply.shp GapCrRatio "!NEAR_DIST! / !Diameter!" PYTHON #</Process><Process ToolSource="c:\program files (x86)\arcgis\desktop10.2\ArcToolbox\Toolboxes\Data Management Tools.tbx\AddGeometryAttributes" Date="20140525" Time="210444">AddGeometryAttributes treeply.shp AREA;CENTROID_INSIDE METERS SQUARE_METERS PROJCS['WGS_1984_UTM_Zone_21S',GEOGCS['GCS_WGS_1984',DATUM['D_WGS_1984',SPHEROID['WGS_1984',6378137.0,298.257223563]],PRIMEM['Greenwich',0.0],UNIT['Degree',0.0174532925199433]],PROJECTION['Transverse_Mercator'],PARAMETER['false_easting',500000.0],PARAMETER['false_northing',10000000.0],PARAMETER['central_meridian',-57.0],PARAMETER['scale_factor',0.9996],PARAMETER['latitude_of_origin',0.0],UNIT['Meter',1.0]]</Process><Process ToolSource="c:\program files (x86)\arcgis\desktop10.2\ArcToolbox\Toolboxes\Analysis Tools.tbx\Near" Date="20140525" Time="210445">Near treeply.shp treeply.shp # NO_LOCATION NO_ANGLE PLANAR</Process><Process ToolSource="c:\program files (x86)\arcgis\desktop10.2\ArcToolbox\Toolboxes\Data Management Tools.tbx\AddField" Date="20140525" Time="210445">AddField treeply.shp DIAMETER DOUBLE # # # # NULLABLE NON_REQUIRED #</Process><Process ToolSource="c:\program files (x86)\arcgis\desktop10.2\ArcToolbox\Toolboxes\Data Management Tools.tbx\CalculateField" Date="20140525" Time="210446">CalculateField treeply.shp DIAMETER "math.pow(!POLY_AREA! /math.pi, .5) * 2" PYTHON #</Process><Process ToolSource="c:\program files (x86)\arcgis\desktop10.2\ArcToolbox\Toolboxes\Data Management Tools.tbx\AddField" Date="20140525" Time="210446">AddField treeply.shp GapCrRatio DOUBLE # # # # NULLABLE NON_REQUIRED #</Process><Process ToolSource="c:\program files (x86)\arcgis\desktop10.2\ArcToolbox\Toolboxes\Data Management Tools.tbx\CalculateField" Date="20140525" Time="210446">CalculateField treeply.shp GapCrRatio "!NEAR_DIST! / !Diameter!" PYTHON #</Process><Process ToolSource="c:\program files (x86)\arcgis\desktop10.2\ArcToolbox\Toolboxes\Data Management Tools.tbx\AddGeometryAttributes" Date="20140525" Time="210519">AddGeometryAttributes treeply.shp AREA;CENTROID_INSIDE METERS SQUARE_METERS PROJCS['WGS_1984_UTM_Zone_21S',GEOGCS['GCS_WGS_1984',DATUM['D_WGS_1984',SPHEROID['WGS_1984',6378137.0,298.257223563]],PRIMEM['Greenwich',0.0],UNIT['Degree',0.0174532925199433]],PROJECTION['Transverse_Mercator'],PARAMETER['false_easting',500000.0],PARAMETER['false_northing',10000000.0],PARAMETER['central_meridian',-57.0],PARAMETER['scale_factor',0.9996],PARAMETER['latitude_of_origin',0.0],UNIT['Meter',1.0]]</Process><Process ToolSource="c:\program files (x86)\arcgis\desktop10.2\ArcToolbox\Toolboxes\Analysis Tools.tbx\Near" Date="20140525" Time="210520">Near treeply.shp treeply.shp # NO_LOCATION NO_ANGLE PLANAR</Process><Process ToolSource="c:\program files (x86)\arcgis\desktop10.2\ArcToolbox\Toolboxes\Data Management Tools.tbx\AddField" Date="20140525" Time="210520">AddField treeply.shp DIAMETER DOUBLE # # # # NULLABLE NON_REQUIRED #</Process><Process ToolSource="c:\program files (x86)\arcgis\desktop10.2\ArcToolbox\Toolboxes\Data Management Tools.tbx\CalculateField" Date="20140525" Time="210520">CalculateField treeply.shp DIAMETER "math.pow(!POLY_AREA! /math.pi, .5) * 2" PYTHON #</Process><Process ToolSource="c:\program files (x86)\arcgis\desktop10.2\ArcToolbox\Toolboxes\Data Management Tools.tbx\AddField" Date="20140525" Time="210521">AddField treeply.shp GapCrRatio DOUBLE # # # # NULLABLE NON_REQUIRED #</Process><Process ToolSource="c:\program files (x86)\arcgis\desktop10.2\ArcToolbox\Toolboxes\Data Management Tools.tbx\CalculateField" Date="20140525" Time="210521">CalculateField treeply.shp GapCrRatio "!NEAR_DIST! / !Diameter!" PYTHON #</Process><Process ToolSource="c:\program files (x86)\arcgis\desktop10.2\ArcToolbox\Toolboxes\Data Management Tools.tbx\AddGeometryAttributes" Date="20140525" Time="211006">AddGeometryAttributes treeply.shp AREA;CENTROID_INSIDE METERS SQUARE_METERS PROJCS['WGS_1984_UTM_Zone_21S',GEOGCS['GCS_WGS_1984',DATUM['D_WGS_1984',SPHEROID['WGS_1984',6378137.0,298.257223563]],PRIMEM['Greenwich',0.0],UNIT['Degree',0.0174532925199433]],PROJECTION['Transverse_Mercator'],PARAMETER['false_easting',500000.0],PARAMETER['false_northing',10000000.0],PARAMETER['central_meridian',-57.0],PARAMETER['scale_factor',0.9996],PARAMETER['latitude_of_origin',0.0],UNIT['Meter',1.0]]</Process><Process ToolSource="c:\program files (x86)\arcgis\desktop10.2\ArcToolbox\Toolboxes\Analysis Tools.tbx\Near" Date="20140525" Time="211007">Near treeply.shp treeply.shp # NO_LOCATION NO_ANGLE PLANAR</Process><Process ToolSource="c:\program files (x86)\arcgis\desktop10.2\ArcToolbox\Toolboxes\Data Management Tools.tbx\AddField" Date="20140525" Time="211007">AddField treeply.shp DIAMETER DOUBLE # # # # NULLABLE NON_REQUIRED #</Process><Process ToolSource="c:\program files (x86)\arcgis\desktop10.2\ArcToolbox\Toolboxes\Data Management Tools.tbx\CalculateField" Date="20140525" Time="211007">CalculateField treeply.shp DIAMETER "math.pow(!POLY_AREA! /math.pi, .5) * 2" PYTHON #</Process><Process ToolSource="c:\program files (x86)\arcgis\desktop10.2\ArcToolbox\Toolboxes\Data Management Tools.tbx\AddField" Date="20140525" Time="211008">AddField treeply.shp GapCrRatio DOUBLE # # # # NULLABLE NON_REQUIRED #</Process><Process ToolSource="c:\program files (x86)\arcgis\desktop10.2\ArcToolbox\Toolboxes\Data Management Tools.tbx\CalculateField" Date="20140525" Time="211008">CalculateField treeply.shp GapCrRatio "!NEAR_DIST! / !Diameter!" PYTHON #</Process></lineage></DataProperties></Esri></metadata>
